{
  "feature": {
    "config": {
      "direction": "up",
      "allowed_placement": {
        "type": "minecraft:unobstructed"
      },
      "prioritize_tip": false,
      "layers": [
        {
          "height": 1,
          "provider": {
            "type": "minecraft:noise_provider",
            "seed": 143,
            "noise": {
              "firstOctave": 2,
              "amplitudes": [
                1,
                0
              ]
            },
            "scale": 1,
            "states": [
              {
                "Name": "minecraft:oak_door",
                "Properties": {
                  "facing": "north",
                  "half": "lower",
                  "hinge": "left",
                  "open": "false",
                  "powered": "false"
                }
              },
              {
                "Name": "minecraft:birch_door",
                "Properties": {
                  "facing": "north",
                  "half": "lower",
                  "hinge": "left",
                  "open": "false",
                  "powered": "false"
                }
              },
              {
                "Name": "minecraft:spruce_door",
                "Properties": {
                  "facing": "north",
                  "half": "lower",
                  "hinge": "left",
                  "open": "false",
                  "powered": "false"
                }
              },
              {
                "Name": "minecraft:waxed_exposed_copper_door",
                "Properties": {
                  "facing": "north",
                  "half": "lower",
                  "hinge": "left",
                  "open": "false",
                  "powered": "false"
                }
              }
            ]
          }
        },
        {
          "height": 1,
          "provider": {
            "type": "minecraft:noise_provider",
            "seed": 143,
            "noise": {
              "firstOctave": 2,
              "amplitudes": [
                1,
                0
              ]
            },
            "scale": 1,
            "states": [
              {
                "Name": "minecraft:oak_door",
                "Properties": {
                  "facing": "north",
                  "half": "upper",
                  "hinge": "left",
                  "open": "false",
                  "powered": "false"
                }
              },
              {
                "Name": "minecraft:birch_door",
                "Properties": {
                  "facing": "north",
                  "half": "upper",
                  "hinge": "left",
                  "open": "false",
                  "powered": "false"
                }
              },
              {
                "Name": "minecraft:spruce_door",
                "Properties": {
                  "facing": "north",
                  "half": "upper",
                  "hinge": "left",
                  "open": "false",
                  "powered": "false"
                }
              },
              {
                "Name": "minecraft:waxed_exposed_copper_door",
                "Properties": {
                  "facing": "north",
                  "half": "upper",
                  "hinge": "left",
                  "open": "false",
                  "powered": "false"
                }
              }
            ]
          }
        }
      ]
    },
    "type": "minecraft:block_column"
  },
  "placement": [
    {
      "type": "minecraft:in_square"
    },
    {
      "type": "minecraft:rarity_filter",
      "chance": 34
    },
    {
      "type": "minecraft:heightmap",
      "heightmap": "MOTION_BLOCKING_NO_LEAVES"
    },
    {
      "type": "minecraft:biome"
    }
  ]
}