{
  "type": "minecraft:tree",
  "config": {
    "decorators": [
      {
        "type": "minecraft:attached_to_leaves",
        "probability": 0.5,
        "exclusion_radius_xz": 1,
        "exclusion_radius_y": 1,
        "required_empty_blocks": 1,
        "block_provider": {
          "type": "minecraft:simple_state_provider",
          "state": {
            "Name": "minecraft:black_stained_glass_pane"
          }
        },
        "directions": [
          "down"
        ]
      }
    ],
    "dirt_provider": {
      "type": "minecraft:simple_state_provider",
      "state": {
        "Name": "minecraft:dirt"
      }
    },
    "foliage_placer": {
      "type": "minecraft:cherry_foliage_placer",
      "height": 5,
      "offset": 0,
      "radius": 4,
      "wide_bottom_layer_hole_chance": 0.25,
      "corner_hole_chance": 0.5,
      "hanging_leaves_chance": 0.33,
      "hanging_leaves_extension_chance": 0.33
    },
    "foliage_provider": {
      "type": "minecraft:weighted_state_provider",
      "entries": [
        {
          "weight": 3,
          "data": {
            "Name": "minecraft:blackstone"
          }
        },
        {
          "weight": 2,
          "data": {
            "Name": "minecraft:black_wool"
          }
        },
        {
          "weight": 1,
          "data": {
            "Name": "minecraft:black_stained_glass"
          }
        }
      ]
    },
    "force_dirt": false,
    "ignore_vines": true,
    "minimum_size": {
      "type": "minecraft:two_layers_feature_size",
      "limit": 1,
      "lower_size": 0,
      "upper_size": 1
    },
    "trunk_placer": {
      "type": "minecraft:cherry_trunk_placer",
      "base_height": 7,
      "height_rand_a": 1,
      "height_rand_b": 0,
      "branch_count": 3,
      "branch_horizontal_length": {
        "type": "minecraft:uniform",
        "min_inclusive": 2,
        "max_inclusive": 4
      },
      "branch_start_offset_from_top": {
        "min_inclusive": -4,
        "max_inclusive": -3
      },
      "branch_end_offset_from_top": {
        "type": "minecraft:uniform",
        "min_inclusive": -1,
        "max_inclusive": 0
      }
    },
    "trunk_provider": {
      "type": "minecraft:simple_state_provider",
      "state": {
        "Name": "minecraft:dark_oak_log",
        "Properties": {
          "axis": "y"
        }
      }
    }
  }
}