{
    "type": "minecraft:crafting_shaped",
    "pattern": [
        "###",
        "RSB",
        " L "
    ],
    "key": {
        "#": {
            "item": "minecraft:paper"
        },
        "R": {
            "item": "minecraft:red_dye"
        },
        "S": {
            "item": "minecraft:string"
        },
        "B": {
            "item": "minecraft:black_dye"
        },
        "L": {
            "item": "minecraft:leather"
        }
    },
    "result": {
        "item": "minecraft:knowledge_book",
        "count": 1
    }
}