{
  "temperature": 0,
  "downfall": 0,
  "has_precipitation": false,
  "creature_spawn_probability": 0.3,
  "effects": {
    "sky_color": 15049994,
    "fog_color": 15049994,
    "water_color": 16753480,
    "water_fog_color": 16106001,
    "grass_color": 16753480,
    "foliage_color": 16753480,
    "particle": {
      "options": {
        "type": "minecraft:dripping_honey"
      },
      "probability": 0.05
    }
  },
  "spawners": {
    "creature": [
      {
        "type": "minecraft:cow",
        "weight": 0,
        "minCount": 1,
        "maxCount": 3
      }
    ]
  },
  "spawn_costs": {},
  "carvers": [
    "minecraft:cave",
    "minecraft:cave_extra_underground",
    "minecraft:canyon"
  ],
  "features": []
}