{
  "temperature": 0,
  "downfall": 0,
  "has_precipitation": false,
  "temperature_modifier": "none",
  "creature_spawn_probability": 0.2,
  "effects": {
    "sky_color": 2367281,
    "fog_color": 2367281,
    "water_color": 6370691,
    "water_fog_color": 6370691,
    "grass_color": 55807,
    "foliage_color": 55807,
    "additions_sound": {
      "sound": "minecraft:ambient.underwater.loop.additions.rare",
      "tick_chance": 0.004
    },
    "music": [],
    "particle": {
      "options": {
        "type": "minecraft:end_rod"
      },
      "probability": 0.007
    }
  },
  "spawners": {},
  "spawn_costs": {},
  "carvers": [],
  "features": []
}