{
  "temperature": 0,
  "downfall": 0,
  "has_precipitation": false,
  "temperature_modifier": "none",
  "creature_spawn_probability": 0.2,
  "effects": {
    "sky_color": 2367281,
    "fog_color": 2367281,
    "water_color": 6370691,
    "water_fog_color": 6370691,
    "grass_color": 55807,
    "foliage_color": 55807,
    "mood_sound": {
      "sound": "minecraft:entity.creeper.primed",
      "tick_delay": 400,
      "block_search_extent": 0,
      "offset": 0
    },
    "additions_sound": {
      "sound": "minecraft:ambient.underwater.loop.additions.rare",
      "tick_chance": 0.004
    },
    "music": [],
    "particle": {
      "options": {
        "type": "minecraft:end_rod"
      },
      "probability": 0.007
    }
  },
  "spawners": {
    "creature": [
      {
        "type": "minecraft:pig",
        "weight": 4,
        "minCount": 1,
        "maxCount": 3
      },
      {
        "type": "minecraft:cow",
        "weight": 3,
        "minCount": 1,
        "maxCount": 3
      },
      {
        "type": "minecraft:sheep",
        "weight": 5,
        "minCount": 1,
        "maxCount": 3
      },
      {
        "type": "minecraft:mooshroom",
        "weight": 3,
        "minCount": 1,
        "maxCount": 2
      },
      {
        "type": "minecraft:frog",
        "weight": 1,
        "minCount": 1,
        "maxCount": 3
      }
    ]
  },
  "spawn_costs": {},
  "carvers": [],
  "features": [
    [
      "sleep:dream_door"
    ],
    [
      "sleep:ourple_tree_placer",
      "minecraft:trees_birch_and_oak",
      "minecraft:trees_plains",
      "minecraft:trees_cherry",
      "minecraft:mushroom_island_vegetation"
    ],
    [
      "minecraft:flower_meadow",
      "minecraft:patch_grass_plain",
      "minecraft:brown_mushroom_normal",
      "minecraft:red_mushroom_normal",
      "minecraft:glow_lichen"
    ],
    [
      {
        "feature": "minecraft:bonus_chest",
        "placement": [
          {
            "type": "minecraft:in_square"
          },
          {
            "type": "minecraft:heightmap",
            "heightmap": "MOTION_BLOCKING_NO_LEAVES"
          },
          {
            "type": "minecraft:rarity_filter",
            "chance": 32
          },
          {
            "type": "minecraft:biome"
          }
        ]
      }
    ]
  ]
}