{
  "temperature": 0,
  "downfall": 64,
  "has_precipitation": true,
  "creature_spawn_probability": 0.1,
  "effects": {
    "sky_color": 4866239,
    "fog_color": 8814247,
    "water_color": 4474069,
    "water_fog_color": 4866239,
    "grass_color": 5759881,
    "foliage_color": 5759881,
    "particle": {
      "options": {
        "type": "minecraft:electric_spark"
      },
      "probability": 0.0007
    }
  },
  "spawners": {
    "monster": [
      {
        "type": "minecraft:husk",
        "weight": 1,
        "minCount": 1,
        "maxCount": 1
      },
      {
        "type": "minecraft:zombie",
        "weight": 2,
        "minCount": 1,
        "maxCount": 1
      },
      {
        "type": "minecraft:skeleton",
        "weight": 3,
        "minCount": 1,
        "maxCount": 1
      }
    ]
  },
  "spawn_costs": {},
  "carvers": [],
  "features": [
    [
      "minecraft:patch_tall_grass",
      "minecraft:patch_grass_taiga",
      "minecraft:trees_windswept_hills"
    ]
  ]
}