{
  "temperature": 0,
  "downfall": 0,
  "has_precipitation": false,
  "creature_spawn_probability": 0,
  "effects": {
    "sky_color": 0,
    "fog_color": 0,
    "water_color": 10131862,
    "water_fog_color": 10131862,
    "grass_color": 10131862,
    "foliage_color": 6184036,
    "additions_sound": {
      "sound": "minecraft:ambient.cave",
      "tick_chance": 0.000005
    },
    "music": [],
    "music_volume": 1,
    "particle": {
      "options": {
        "type": "minecraft:white_ash"
      },
      "probability": 0.03
    }
  },
  "spawners": {},
  "spawn_costs": {},
  "carvers": [],
  "features": [
    [
      "sleep:dream_door"
    ],
    [
      "sleep:nightmare_lantern_placer",
      "minecraft:patch_grass_forest"
    ]
  ]
}