{
  "temperature": 0,
  "downfall": 0,
  "has_precipitation": false,
  "creature_spawn_probability": 0.75,
  "effects": {
    "sky_color": 0,
    "fog_color": 0,
    "water_color": 7829115,
    "water_fog_color": 7829115,
    "grass_color": 7829115,
    "foliage_color": 6184036,
    "additions_sound": {
      "sound": "minecraft:ambient.cave",
      "tick_chance": 0.00001
    },
    "music": [],
    "music_volume": 1,
    "particle": {
      "options": {
        "type": "minecraft:white_ash"
      },
      "probability": 0.04
    }
  },
  "spawners": {
    "monster": [
      {
        "type": "minecraft:zombie",
        "weight": 5,
        "minCount": 1,
        "maxCount": 3
      },
      {
        "type": "minecraft:skeleton",
        "weight": 4,
        "minCount": 1,
        "maxCount": 3
      },
      {
        "type": "minecraft:creeper",
        "weight": 4,
        "minCount": 1,
        "maxCount": 3
      },
      {
        "type": "minecraft:wither_skeleton",
        "weight": 3,
        "minCount": 1,
        "maxCount": 3
      },
      {
        "type": "minecraft:blaze",
        "weight": 3,
        "minCount": 1,
        "maxCount": 3
      },
      {
        "type": "minecraft:magma_cube",
        "weight": 2,
        "minCount": 1,
        "maxCount": 2
      },
      {
        "type": "minecraft:phantom",
        "weight": 1,
        "minCount": 1,
        "maxCount": 1
      }
    ]
  },
  "spawn_costs": {},
  "carvers": [],
  "features": [
    [
      "sleep:nightmare_tree_placer",
      "minecraft:patch_grass_forest"
    ]
  ]
}