{
  "temperature": 0,
  "downfall": 0,
  "has_precipitation": false,
  "creature_spawn_probability": 0,
  "effects": {
    "sky_color": 0,
    "fog_color": 0,
    "water_color": 16777215,
    "water_fog_color": 16777215,
    "grass_color": 16777215,
    "foliage_color": 10131862,
    "music": [],
    "music_volume": 1,
    "particle": {
      "options": {
        "type": "minecraft:white_ash"
      },
      "probability": 0.02
    }
  },
  "spawners": {},
  "spawn_costs": {},
  "carvers": [],
  "features": []
}