{
  "temperature": 0,
  "downfall": 0,
  "has_precipitation": false,
  "temperature_modifier": "frozen",
  "effects": {
    "sky_color": 14605786,
    "fog_color": 12631996,
    "water_color": 16184820,
    "water_fog_color": 14605786,
    "grass_color": 16777215,
    "foliage_color": 16777215,
    "particle": {
      "options": {
        "type": "minecraft:snowflake"
      },
      "probability": 0.08
    }
  },
  "spawners": {
    "creature": [
      {
        "type": "minecraft:cow",
        "weight": 0,
        "minCount": 1,
        "maxCount": 3
      }
    ]
  },
  "spawn_costs": {},
  "carvers": [
    "minecraft:cave",
    "minecraft:cave_extra_underground",
    "minecraft:canyon"
  ],
  "features": []
}