{
  "type": "sleep:cheese_dimension",
  "generator": {
    "type": "minecraft:noise",
    "settings": "sleep:cheese_noise",
    "biome_source": {
      "type": "minecraft:multi_noise",
      "biomes": [
        {
          "biome": "sleep:cheese_biome",
          "parameters": {
            "temperature": 0.3,
            "humidity": 0,
            "continentalness": 0,
            "erosion": 0,
            "weirdness": 0,
            "depth": 0,
            "offset": 0
          }
        },
        {
          "biome": "sleep:cheese2_biome",
          "parameters": {
            "temperature": 0.5,
            "humidity": 0,
            "continentalness": 0,
            "erosion": 0,
            "weirdness": 0,
            "depth": 0,
            "offset": 0
          }
        },
        {
          "biome": "sleep:mozzarela_biome",
          "parameters": {
            "temperature": 0,
            "humidity": 0,
            "continentalness": 0.2,
            "erosion": 0,
            "weirdness": -0.05,
            "depth": 0,
            "offset": 0
          }
        },
        {
          "biome": "sleep:bleu_biome",
          "parameters": {
            "temperature": -0.5,
            "humidity": 0,
            "continentalness": -0.3,
            "erosion": 0,
            "weirdness": 0.1,
            "depth": 0,
            "offset": 0
          }
        },
        {
          "biome": "sleep:white_cheddar_biome",
          "parameters": {
            "temperature": -1,
            "humidity": 0,
            "continentalness": 0,
            "erosion": 0,
            "weirdness": 0,
            "depth": 0,
            "offset": 0
          }
        }
      ]
    }
  }
}