{
  "type": "sleep:nightmare_dimension_type",
  "generator": {
    "type": "minecraft:noise",
    "settings": "sleep:nightmare_noise",
    "biome_source": {
      "type": "minecraft:multi_noise",
      "biomes": [
        {
          "biome": "sleep:nightmare_forest_biome",
          "parameters": {
            "temperature": 0,
            "humidity": 0,
            "continentalness": 0,
            "erosion": 0,
            "weirdness": 0,
            "depth": 0,
            "offset": 0
          }
        },
        {
          "biome": "sleep:nightmare_forest_biome",
          "parameters": {
            "temperature": 0.205,
            "humidity": 0,
            "continentalness": 0,
            "erosion": 0,
            "weirdness": 0,
            "depth": 0,
            "offset": 0
          }
        },
        {
          "biome": "sleep:nightmare_path",
          "parameters": {
            "temperature": 0.1,
            "humidity": 0,
            "continentalness": 0,
            "erosion": 0,
            "weirdness": 0,
            "depth": 0,
            "offset": 0
          }
        },
        {
          "biome": "sleep:nightmare_border",
          "parameters": {
            "temperature": 0.095,
            "humidity": 0,
            "continentalness": 0,
            "erosion": 0,
            "weirdness": 0,
            "depth": 0,
            "offset": 0
          }
        },
        {
          "biome": "sleep:nightmare_border",
          "parameters": {
            "temperature": 0.2,
            "humidity": 0,
            "continentalness": 0,
            "erosion": 0,
            "weirdness": 0,
            "depth": 0,
            "offset": 0
          }
        }
      ]
    }
  }
}