{
  "default_block": {
    "Name": "minecraft:calcite"
  },
  "default_fluid": {
    "Name": "minecraft:water"
  },
  "sea_level": 24,
  "disable_mob_generation": false,
  "aquifers_enabled": false,
  "ore_veins_enabled": false,
  "legacy_random_source": false,
  "noise": {
    "min_y": 0,
    "height": 96,
    "size_horizontal": 1,
    "size_vertical": 1
  },
  "noise_router": {
    "barrier": 0,
    "fluid_level_floodedness": 0,
    "fluid_level_spread": 0,
    "lava": 0,
    "vein_toggle": 0,
    "vein_ridged": 0,
    "vein_gap": 0,
    "temperature": {
      "type": "minecraft:noise",
      "noise": "minecraft:temperature",
      "xz_scale": 1,
      "y_scale": 1
    },
    "vegetation": 0,
    "continents": 0,
    "erosion": 0,
    "depth": 0,
    "ridges": 0,
    "initial_density_without_jaggedness": 0,
    "final_density": {
      "type": "minecraft:squeeze",
      "argument": {
        "type": "minecraft:add",
        "argument1": {
          "type": "minecraft:add",
          "argument1": -0.35,
          "argument2": {
            "type": "minecraft:mul",
            "argument1": {
              "type": "minecraft:y_clamped_gradient",
              "from_y": 0,
              "to_y": 6,
              "from_value": 1,
              "to_value": 0
            },
            "argument2": 24
          }
        },
        "argument2": {
          "type": "minecraft:mul",
          "argument1": {
            "type": "minecraft:y_clamped_gradient",
            "from_y": 0,
            "to_y": 64,
            "from_value": 1,
            "to_value": 0
          },
          "argument2": {
            "type": "minecraft:add",
            "argument1": {
              "type": "minecraft:add",
              "argument1": {
                "type": "minecraft:add",
                "argument1": 0.32,
                "argument2": {
                  "type": "minecraft:mul",
                  "argument1": 0.042,
                  "argument2": "minecraft:y"
                }
              },
              "argument2": {
                "type": "minecraft:shifted_noise",
                "noise": "minecraft:surface",
                "xz_scale": 1,
                "y_scale": 1,
                "shift_x": 2,
                "shift_y": 0,
                "shift_z": 2
              }
            },
            "argument2": {
              "type": "minecraft:mul",
              "argument1": {
                "type": "minecraft:mul",
                "argument1": "minecraft:overworld/continents",
                "argument2": 1
              },
              "argument2": 4
            }
          }
        }
      }
    }
  },
  "spawn_target": [],
  "surface_rule": {
    "type": "minecraft:sequence",
    "sequence": [
      {
        "type": "minecraft:condition",
        "if_true": {
          "type": "minecraft:noise_threshold",
          "noise": "sleep:dream_stripe",
          "min_threshold": -0.1,
          "max_threshold": 1.1
        },
        "then_run": {
          "type": "minecraft:block",
          "result_state": {
            "Name": "tuff"
          }
        }
      },
      {
        "type": "minecraft:condition",
        "if_true": {
          "type": "minecraft:y_above",
          "anchor": {
            "absolute": 24
          },
          "surface_depth_multiplier": 0,
          "add_stone_depth": false
        },
        "then_run": {
          "type": "minecraft:sequence",
          "sequence": [
            {
              "type": "minecraft:condition",
              "if_true": {
                "type": "minecraft:stone_depth",
                "offset": 0,
                "surface_type": "floor",
                "add_surface_depth": false,
                "secondary_depth_range": 0
              },
              "then_run": {
                "type": "minecraft:block",
                "result_state": {
                  "Name": "minecraft:grass_block"
                }
              }
            },
            {
              "type": "minecraft:condition",
              "if_true": {
                "type": "minecraft:stone_depth",
                "offset": 0,
                "surface_type": "floor",
                "add_surface_depth": true,
                "secondary_depth_range": 0
              },
              "then_run": {
                "type": "minecraft:block",
                "result_state": {
                  "Name": "minecraft:dirt"
                }
              }
            }
          ]
        }
      },
      {
        "type": "minecraft:condition",
        "if_true": {
          "type": "minecraft:vertical_gradient",
          "random_name": "sleep:isle_gradient",
          "true_at_and_below": {
            "absolute": 20
          },
          "false_at_and_above": {
            "absolute": 27
          }
        },
        "then_run": {
          "type": "minecraft:block",
          "result_state": {
            "Name": "deepslate"
          }
        }
      }
    ]
  }
}