{
  "description": "A2H",
  "supported_items": "#minecraft:enchantable/armor",
  "weight": 1,
  "max_level": 1,
  "min_cost": {
    "base": 0,
    "per_level_above_first": 0
  },
  "max_cost": {
    "base": 0,
    "per_level_above_first": 0
  },
  "anvil_cost": 3,
  "slots": [
    "armor"
  ],
  "effects": {
    "minecraft:attributes": [
      {
        "attribute": "minecraft:max_health",
        "id": "dream:attack_for_health_h",
        "amount": 2.5,
        "operation": "add_value"
      },
      {
        "attribute": "minecraft:attack_damage",
        "id": "dream:attack_for_health_a",
        "amount": -0.25,
        "operation": "add_multiplied_total"
      }
    ]
  }
}