{
  "description": "Gravitational Defiance",
  "exclusive_set": "#minecraft:exclusive_set/boots",
  "supported_items": "#minecraft:enchantable/armor",
  "weight": 1,
  "max_level": 3,
  "min_cost": {
    "base": 0,
    "per_level_above_first": 0
  },
  "max_cost": {
    "base": 0,
    "per_level_above_first": 0
  },
  "anvil_cost": 2,
  "slots": [
    "armor"
  ],
  "effects": {
    "minecraft:attributes": [
      {
        "attribute": "minecraft:gravity",
        "id": "dream:gravitational_defiance_g",
        "amount": {
          "type": "minecraft:lookup",
          "values": [
            -0.05,
            -0.125,
            -0.27
          ],
          "fallback": -0.3
        },
        "operation": "add_multiplied_base"
      },
      {
        "attribute": "minecraft:safe_fall_distance",
        "id": "dream:gravitational_defiance_s",
        "amount": {
          "type": "minecraft:levels_squared",
          "added": 0
        },
        "operation": "add_value"
      }
    ]
  }
}