{
  "description": "Heavy",
  "exclusive_set": "#minecraft:exclusive_set/boots",
  "supported_items": "#minecraft:enchantable/armor",
  "weight": 1,
  "max_level": 3,
  "min_cost": {
    "base": 0,
    "per_level_above_first": 0
  },
  "max_cost": {
    "base": 0,
    "per_level_above_first": 0
  },
  "anvil_cost": 4,
  "slots": [
    "armor"
  ],
  "effects": {
    "minecraft:attributes": [
      {
        "attribute": "minecraft:safe_fall_distance",
        "id": "dream:heavy_f",
        "amount": {
          "type": "minecraft:fraction",
          "numerator": {
            "type": "minecraft:levels_squared",
            "added": 0
          },
          "denominator": 0.5
        },
        "operation": "add_value"
      },
      {
        "attribute": "minecraft:knockback_resistance",
        "id": "dream:heavy_k",
        "amount": {
          "type": "minecraft:linear",
          "base": 0.05,
          "per_level_above_first": 0.1
        },
        "operation": "add_value"
      },
      {
        "attribute": "minecraft:explosion_knockback_resistance",
        "id": "dream:heavy_ek",
        "amount": {
          "type": "minecraft:fraction",
          "numerator": {
            "type": "minecraft:levels_squared",
            "added": 0
          },
          "denominator": 37
        },
        "operation": "add_value"
      },
      {
        "attribute": "minecraft:armor_toughness",
        "id": "dream:heavy_at",
        "amount": {
          "type": "minecraft:linear",
          "base": 0.05,
          "per_level_above_first": 0.05
        },
        "operation": "add_value"
      }
    ]
  }
}