{
  "description": "Overcharge",
  "supported_items": "minecraft:mace",
  "weight": 1,
  "max_level": 1,
  "min_cost": {
    "base": 0,
    "per_level_above_first": 0
  },
  "max_cost": {
    "base": 0,
    "per_level_above_first": 0
  },
  "anvil_cost": 3,
  "slots": [
    "mainhand"
  ],
  "effects": {
    "minecraft:post_attack": [
      {
        "requirements": {
          "condition": "minecraft:damage_source_properties",
          "predicate": {
            "is_direct": true
          }
        },
        "effect": {
          "type": "minecraft:all_of",
          "effects": [
            {
              "type": "minecraft:change_item_damage",
              "amount": 33
            },
            {
              "type": "minecraft:explode",
              "attribute_to_user": false,
              "damage_type": "minecraft:explosion",
              "radius": 5,
              "create_fire": false,
              "block_interaction": "none",
              "small_particle": {
                "type": "minecraft:explosion"
              },
              "large_particle": {
                "type": "minecraft:explosion_emitter"
              },
              "sound": "minecraft:block.glass.break"
            },
            {
              "type": "minecraft:summon_entity",
              "entity": "minecraft:lightning_bolt",
              "join_team": true
            }
          ]
        },
        "enchanted": "attacker",
        "affected": "victim"
      }
    ],
    "minecraft:attributes": [
      {
        "attribute": "minecraft:attack_damage",
        "id": "dream:overcharge_a",
        "amount": 1,
        "operation": "add_multiplied_total"
      },
      {
        "attribute": "minecraft:attack_knockback",
        "id": "dream:overcharge_k",
        "amount": 1,
        "operation": "add_multiplied_total"
      },
      {
        "attribute": "minecraft:movement_speed",
        "id": "dream:overcharge_m",
        "amount": 0.33,
        "operation": "add_multiplied_total"
      },
      {
        "attribute": "minecraft:jump_strength",
        "id": "dream:overcharge_j",
        "amount": 0.33,
        "operation": "add_multiplied_total"
      }
    ],
    "minecraft:tick": [
      {
        "effect": {
          "type": "minecraft:spawn_particles",
          "particle": {
            "type": "minecraft:enchant"
          },
          "horizontal_position": {
            "type": "in_bounding_box"
          },
          "vertical_position": {
            "type": "in_bounding_box"
          },
          "horizontal_velocity": {},
          "vertical_velocity": {}
        }
      },
      {
        "effect": {
          "type": "minecraft:apply_mob_effect",
          "to_apply": "minecraft:hunger",
          "min_duration": 5,
          "max_duration": 5,
          "min_amplifier": 0,
          "max_amplifier": 0
        }
      }
    ]
  }
}