{
  "description": "Simga",
  "supported_items": "minecraft:waxed_exposed_cut_copper_stairs",
  "weight": 1,
  "max_level": 1,
  "min_cost": {
    "base": 0,
    "per_level_above_first": 0
  },
  "max_cost": {
    "base": 0,
    "per_level_above_first": 0
  },
  "anvil_cost": 0,
  "slots": [
    "mainhand",
    "offhand"
  ],
  "effects": {
    "minecraft:attributes": [
      {
        "attribute": "minecraft:max_health",
        "id": "dream:simga_h",
        "amount": 1,
        "operation": "add_multiplied_total"
      },
      {
        "attribute": "minecraft:attack_damage",
        "id": "dream:simga_a",
        "amount": 1,
        "operation": "add_multiplied_total"
      },
      {
        "attribute": "minecraft:movement_speed",
        "id": "dream:simga_s",
        "amount": 0.5,
        "operation": "add_multiplied_total"
      }
    ],
    "minecraft:post_attack": [
      {
        "effect": {
          "type": "minecraft:all_of",
          "effects": [
            {
              "type": "minecraft:apply_mob_effect",
              "to_apply": "minecraft:weakness",
              "min_duration": 40,
              "max_duration": 80,
              "min_amplifier": 0,
              "max_amplifier": 2
            },
            {
              "type": "minecraft:damage_entity",
              "damage_type": "minecraft:outside_border",
              "min_damage": 1,
              "max_damage": 3
            },
            {
              "type": "minecraft:ignite",
              "duration": 3
            }
          ]
        },
        "enchanted": "attacker",
        "affected": "victim"
      },
      {
        "effect": {
          "type": "minecraft:apply_mob_effect",
          "to_apply": "minecraft:regeneration",
          "min_duration": 20,
          "max_duration": 40,
          "min_amplifier": 0,
          "max_amplifier": 2
        },
        "enchanted": "attacker",
        "affected": "attacker"
      }
    ],
    "minecraft:armor_effectiveness": [
      {
        "effect": {
          "type": "minecraft:add",
          "value": 0.25
        }
      }
    ],
    "minecraft:tick": [
      {
        "effect": {
          "type": "minecraft:spawn_particles",
          "particle": {
            "type": "minecraft:reverse_portal"
          },
          "horizontal_position": {
            "type": "in_bounding_box"
          },
          "vertical_position": {
            "type": "in_bounding_box"
          },
          "horizontal_velocity": {},
          "vertical_velocity": {}
        }
      }
    ]
  }
}