{
  "description": "Soul Slice",
  "exclusive_set": "#minecraft:curse",
  "supported_items": "#minecraft:enchantable/weapon",
  "weight": 1,
  "max_level": 3,
  "min_cost": {
    "base": 0,
    "per_level_above_first": 0
  },
  "max_cost": {
    "base": 0,
    "per_level_above_first": 0
  },
  "anvil_cost": 5,
  "slots": [
    "any"
  ],
  "effects": {
    "minecraft:tick": [
      {
        "effect": {
          "type": "minecraft:spawn_particles",
          "particle": {
            "type": "minecraft:soul_fire_flame"
          },
          "horizontal_position": {
            "type": "in_bounding_box"
          },
          "vertical_position": {
            "type": "in_bounding_box"
          },
          "horizontal_velocity": {},
          "vertical_velocity": {}
        }
      }
    ],
    "minecraft:prevent_equipment_drop": {},
    "minecraft:repair_with_xp": [
      {
        "effect": {
          "type": "minecraft:multiply",
          "factor": -3
        }
      }
    ],
    "minecraft:damage": [
      {
        "effect": {
          "type": "minecraft:multiply",
          "factor": {
            "type": "minecraft:lookup",
            "values": [
              0.25,
              0.5,
              0.75
            ],
            "fallback": 1
          }
        }
      }
    ],
    "minecraft:post_attack": [
      {
        "effect": {
          "type": "minecraft:apply_mob_effect",
          "to_apply": [
            "minecraft:weakness",
            "minecraft:blindness",
            "minecraft:hunger",
            "minecraft:slowness",
            "minecraft:poison"
          ],
          "min_duration": 60,
          "max_duration": 120,
          "min_amplifier": 0,
          "max_amplifier": 2
        },
        "enchanted": "attacker",
        "affected": "victim"
      },
      {
        "effect": {
          "type": "minecraft:apply_mob_effect",
          "to_apply": "minecraft:regeneration",
          "min_duration": 20,
          "max_duration": 60,
          "min_amplifier": 0,
          "max_amplifier": 2
        },
        "enchanted": "attacker",
        "affected": "attacker"
      }
    ]
  }
}