{
  "type": "minecraft:chest",
  "pools": [
    {
      "rolls": {
        "type": "minecraft:uniform",
        "min": 4,
        "max": 8
      },
      "entries": [
        {
          "type": "minecraft:item",
          "name": "minecraft:pink_stained_glass",
          "weight": 1,
          "quality": 1,
          "functions": [
            {
              "function": "minecraft:set_count",
              "count": {
                "type": "minecraft:uniform",
                "min": 1,
                "max": 8
              }
            }
          ]
        }
      ],
      "functions": [],
      "conditions": []
    },
    {
      "rolls": 1,
      "entries": [
        {
          "type": "minecraft:item",
          "name": "minecraft:lightning_rod",
          "weight": 1,
          "quality": 1,
          "functions": []
        }
      ],
      "functions": []
    },
    {
      "rolls": 3,
      "entries": [
        {
          "type": "minecraft:item",
          "name": "minecraft:diamond",
          "weight": 1,
          "quality": 10,
          "functions": [
            {
              "function": "minecraft:set_count",
              "count": {
                "type": "minecraft:uniform",
                "min": 1,
                "max": 2
              }
            }
          ]
        },
        {
          "type": "minecraft:item",
          "name": "minecraft:iron_ingot",
          "weight": 4,
          "quality": 3,
          "functions": [
            {
              "function": "minecraft:set_count",
              "count": {
                "type": "minecraft:uniform",
                "min": 1,
                "max": 4
              }
            }
          ]
        },
        {
          "type": "minecraft:item",
          "name": "minecraft:copper_ingot",
          "weight": 8,
          "quality": 1,
          "functions": [
            {
              "function": "minecraft:set_count",
              "count": {
                "type": "minecraft:uniform",
                "min": 1,
                "max": 8
              }
            }
          ]
        }
      ],
      "functions": []
    },
    {
      "rolls": 1,
      "entries": [
        {
          "type": "minecraft:item",
          "name": "minecraft:book",
          "weight": 1,
          "quality": 10,
          "functions": [
            {
              "function": "minecraft:enchant_randomly",
              "options": [
                "sleep:overcharge"
              ]
            }
          ]
        },
        {
          "type": "minecraft:item",
          "name": "minecraft:book",
          "weight": 8,
          "quality": 1,
          "functions": [
            {
              "function": "minecraft:enchant_with_levels",
              "levels": {
                "type": "minecraft:uniform",
                "min": 1,
                "max": 3
              },
              "options": [
                "sleep:heavy",
                "minecraft:channeling",
                "minecraft:protection",
                "minecraft:blast_protection",
                "minecraft:fire_protection",
                "minecraft:projectile_protection"
              ]
            }
          ]
        },
        {
          "type": "minecraft:group",
          "children": [
            {
              "type": "minecraft:item",
              "name": "minecraft:amethyst_shard",
              "weight": 3,
              "quality": 3,
              "functions": [
                {
                  "function": "minecraft:set_attributes",
                  "modifiers": [
                    {
                      "attribute": "minecraft:movement_speed",
                      "id": "sleep:isle_speed_crystal",
                      "amount": 0.25,
                      "operation": "add_multiplied_base",
                      "slot": "any"
                    }
                  ]
                }
              ]
            },
            {
              "type": "minecraft:item",
              "name": "minecraft:amethyst_shard",
              "weight": 3,
              "quality": 3,
              "functions": [
                {
                  "function": "minecraft:set_attributes",
                  "modifiers": [
                    {
                      "attribute": "minecraft:armor_toughness",
                      "id": "sleep:isle_tough_crystal",
                      "amount": 0.1,
                      "operation": "add_multiplied_base",
                      "slot": "any"
                    }
                  ]
                }
              ]
            },
            {
              "type": "minecraft:item",
              "name": "minecraft:amethyst_shard",
              "weight": 3,
              "quality": 3,
              "functions": [
                {
                  "function": "minecraft:set_attributes",
                  "modifiers": [
                    {
                      "attribute": "minecraft:attack_speed",
                      "id": "sleep:isle_attack_speed_crystal",
                      "amount": 0.25,
                      "operation": "add_multiplied_base",
                      "slot": "any"
                    }
                  ]
                }
              ]
            },
            {
              "type": "minecraft:item",
              "name": "minecraft:amethyst_shard",
              "weight": 1,
              "quality": 3,
              "functions": [
                {
                  "function": "minecraft:set_attributes",
                  "modifiers": [
                    {
                      "attribute": "minecraft:attack_damage",
                      "id": "sleep:isle_attack_crystal",
                      "amount": 0.25,
                      "operation": "add_multiplied_base",
                      "slot": "any"
                    }
                  ]
                }
              ]
            },
            {
              "type": "minecraft:item",
              "name": "minecraft:amethyst_shard",
              "weight": 1,
              "quality": 3,
              "functions": [
                {
                  "function": "minecraft:set_attributes",
                  "modifiers": [
                    {
                      "attribute": "minecraft:max_health",
                      "id": "sleep:isle_health_crystal",
                      "amount": 0.25,
                      "operation": "add_multiplied_base",
                      "slot": "any"
                    }
                  ]
                }
              ]
            }
          ],
          "functions": []
        },
        {
          "type": "minecraft:item",
          "name": "minecraft:totem_of_undying",
          "weight": 1,
          "quality": 6,
          "functions": [
            {
              "function": "minecraft:set_attributes",
              "modifiers": [
                {
                  "attribute": "minecraft:max_health",
                  "id": "sleep:isle_health_totem",
                  "amount": -0.5,
                  "operation": "add_multiplied_total",
                  "slot": "any"
                },
                {
                  "attribute": "minecraft:movement_speed",
                  "id": "sleep:isle_move_totem",
                  "amount": -0.5,
                  "operation": "add_multiplied_total",
                  "slot": "any"
                },
                {
                  "attribute": "minecraft:attack_damage",
                  "id": "sleep:isle_attack_totem",
                  "amount": 1,
                  "operation": "add_multiplied_total",
                  "slot": "any"
                },
                {
                  "attribute": "minecraft:entity_interaction_range",
                  "id": "sleep:isle_reach_totem",
                  "amount": 0.5,
                  "operation": "add_multiplied_total",
                  "slot": "any"
                }
              ]
            }
          ]
        }
      ]
    }
  ],
  "functions": []
}